,dignity_score,christ_centered_score,moral_score
count,238.0,236.0,236.0
mean,6.819327731092437,7.8940677966101696,9.025423728813559
std,1.3204510999385808,2.008865134173759,0.8195677574499676
min,4.0,2.0,6.0
25%,6.0,6.0,9.0
50%,7.0,8.0,9.0
75%,8.0,10.0,10.0
max,10.0,10.0,10.0
